{"_wandb":{"runtime":362},"val_c_index":0.935064935064935,"train_c_index":0.9545101088646968,"_runtime":362,"epoch":15,"_timestamp":1.7629686750223882e+09,"_step":15,"val_loss":2.05204701423645,"train_loss":2.69792103767395}