{"train_c_index":0.9639048400328137,"val_loss":2.720003604888916,"_runtime":364,"_step":15,"train_loss":2.6418237686157227,"val_c_index":0.6741573033707865,"_timestamp":1.7629680648590314e+09,"epoch":15,"_wandb":{"runtime":364}}